amount,hour,day_of_week,frequency
599.3428306022465,15,4,1
472.3471397657631,10,2,1
815.8425631014783,13,4,2
653.4869458305818,13,1,2
792.4756240692035,16,0,1
807.7429935229195,17,3,2
793.1297537843109,10,3,1
454.8447399026929,16,2,1
379.94922997881764,12,1,2
689.4879642093277,14,3,1
422.7054098870889,9,3,2
268.2459516149835,13,1,2
647.6933159990821,15,3,1
534.2736562379941,12,4,2
592.1632600297276,16,4,1
517.1846943261629,16,0,2
627.2610216690341,10,0,1
318.655866284014,14,1,1
466.35898238018297,8,4,1
732.9537291009048,13,2,1
572.3272050095268,8,4,2
370.97604907897517,14,2,1
469.89322834804346,10,0,2
306.888465621005,11,4,1
216.28070739688837,14,2,1
538.0673969930335,9,1,1
478.9485731997641,11,2,2
308.9307110564591,16,0,1
754.7467240279112,16,2,1
441.609465834876,16,4,1
590.5872653067019,13,0,2
466.78781832978694,8,1,2
717.3454046078548,12,0,2
700.9973761405264,8,1,2
483.98253292950216,8,2,2
451.72397367115747,17,3,1
658.2063894086093,15,4,2
318.12250904105224,13,2,1
401.31350355933466,13,4,1
684.6325216683906,11,2,2
629.8173465258212,11,0,1
255.42529266493864,14,1,2
343.3493415327526,14,1,1
435.58769675886487,17,0,2
435.10180843422137,12,4,2
458.826656580899,16,0,1
521.7423599254771,13,0,2
521.1527294055521,8,3,2
7743.6689468329305,16,2,1
733.7262486901068,13,2,2
233.98518689704304,15,2,1
494.9424748857744,10,4,1
741.8763941373268,8,3,1
607.5920007383992,12,3,1
795.9697550397105,8,3,2
579.3548562542258,12,2,10
923.7772424459984,8,3,1
809.3073510943018,14,0,2
231.71930041076712,13,1,1
175.66107581130336,15,1,2
238.86048919178194,17,1,2
349.8476313864654,8,0,1
139.62240619868794,17,2,2
593.5434154996234,17,0,2
766.1762655944171,10,3,2
697.6405221008224,14,2,1
417.4476773619787,17,2,2
619.1287303608642,15,4,2
353.9266736565727,11,2,1
543.291717916395,9,3,2
367.6427070463224,17,1,1
670.4866669592448,14,0,2
433.1505817699265,9,0,2
436.43061869788335,8,4,1
831.0923250757842,10,3,2
407.41491558727034,12,0,1
588.7638856292457,17,1,2
654.9268106858674,11,0,2
826.4822607863271,12,3,2
213.97172440787347,17,1,1
580.995101754105,11,1,1
681.9476349919634,11,3,2
545.3968602438699,12,3,1
445.8075475664523,15,1,1
402.7134467895279,15,4,2
541.519652257144,9,2,1
291.4077212794298,15,3,1
765.2943336638095,16,3,2
874.0847795631034,10,3,2
837.603406473783,15,4,2
665.0832697976059,16,0,1
662.7019272001277,16,4,1
417.7418818680372,11,2,2
696.804708912618,12,4,1
211.86945223863665,12,0,1
553.8635308505077,17,1,1
862.7333151757815,16,1,2
580.9165790235049,13,4,2
611.8218405229055,12,4,1
674.5083182860959,15,4,1
557.9765623074252,11,3,2
462.5550087302372,10,4,2
671.5319246404039,2,2,1
468.01229400731455,11,3,2
754.227645196183,16,3,1
654.1726202928079,8,4,2
509.121567985119,12,4,1
577.8359152289079,11,2,1
955.1522595134406,8,4,2
581.2453370099856,14,0,1
937.9605866435345,15,1,2
338.3403429289697,15,1,2
117.45869658715617,11,4,2
572.4952917610605,10,4,2
648.3926033058931,9,1,2
795.3317250859259,12,0,2
157.3730941818245,13,2,1
770.7744748330826,8,1,1
478.27426718222887,13,3,1
488.90300834046525,12,2,1
684.830476617107,10,0,1
662.5712928476198,8,2,1
642.322975617778,9,3,1
275.07158163242616,17,1,2
396.41754883887313,8,3,1
678.565072859771,16,0,2
779.3587157540485,9,2,1
422.01792179804437,9,1,2
326.2836125904601,9,3,1
523.2821960241514,15,3,2
159.32351212896907,15,4,2
488.89046022067623,9,4,2
475.417738689709,16,2,2
484.93926904897535,11,3,2
508.74053361685475,9,4,2
714.7364024197504,12,4,2
478.5939280090884,17,1,1
292.9515355161252,16,1,1
524.5010996679038,8,1,2
894.6921783205116,8,2,1
659.9382445170415,17,3,1
513.8011022718067,9,4,2
670.2804184757657,14,2,1
302.41283084069175,9,1,2
337.8988306041563,12,3,2
319.09162324258574,8,1,2
543.6445465062193,11,1,1
682.112824474216,9,3,1
916.8954461083127,10,1,1
778.180699237055,11,1,2
220.28648523617176,13,4,2
612.5938473381142,11,2,2
509.7043255889654,15,4,2
333.80997671779244,13,1,2
547.4648769519487,8,2,2
554.7154806277256,15,1,1
318.06140997030946,11,0,2
627.7247299675288,17,4,2
1056.75548469781,8,1,2
177.79887800895574,14,1,2
383.4838168730132,12,0,1
552.1812867663347,15,2,2
590.3031884037939,9,4,2
628.7605203408636,9,3,1
597.6088158757499,15,2,1
816.0268190150402,10,4,1
557.9549713792826,11,0,1
915.0801597290878,9,2,1
503.68367583791036,16,0,1
835.2874624550566,9,4,2
42.187748613400515,10,2,2
786.4963834905011,11,4,1
536.373251011699,13,0,1
549.6441172600672,14,0,2
489.6482030589398,17,0,2
868.1886139874416,11,4,2
1134.8884274253517,11,3,1
536.4481209313307,10,2,2
345.2421601792854,17,1,2
251.0690593377166,17,4,2
459.4307560659695,11,3,1
509.3830869900517,15,1,1
231.71096844006047,15,0,2
877.3656224248473,8,4,1
583.7678827736974,8,2,2
422.1423616545014,16,4,1
595.0637720424613,10,3,1
763.7677242181542,13,1,1
432.8430601419744,10,0,1
833.8043050578785,12,0,1
318.61930117164917,9,4,1
355.87355293936326,11,0,1
521.9705893909489,15,0,1
725.9298969944741,14,2,1
410.3945720399539,8,4,1
75.18038513396527,15,2,2
546.9628173591133,13,3,1
863.6039215922231,13,2,1
386.45619304486183,10,1,2
8579.861144236987,9,3,1
482.15576488126595,14,2,2
505.99672690543156,15,0,1
528.6430904995043,15,1,1
695.6585964232515,15,2,2
283.78733448002055,14,1,1
623.1871213888528,8,4,1
566.0638136485233,9,1,1
674.001981512815,11,2,2
434.1338003360396,11,4,1
480.6347925213179,16,1,1
694.3645380345471,8,1,1
493.8083498726853,16,1,1
623.4779619440651,11,1,2
259.96600071967816,9,4,1
769.3491957281991,16,1,1
525.358631936094,13,1,2
824.1066890331754,16,4,1
814.0989270522277,8,1,1
375.03628446086424,13,2,1
505.21821004216673,11,2,2
454.99881932592496,11,0,1
741.5184340860524,10,1,1
519.0641613895439,8,1,2
535.807359309793,10,2,2
1012.016907653759,9,0,2
480.78802005507004,16,0,2
895.0054707261563,17,0,1
490.54706947419817,9,4,2
624.3619924434392,10,4,2
185.95505602190872,8,4,1
236.13042217251888,15,2,2
454.75095619826476,8,4,2
770.96903447465,16,4,2
705.7285260606131,17,0,1
109.50262539786354,12,0,1
444.1001868399919,9,2,1
771.3266764366908,14,0,2
1.0,10,3,2
515.9315715055174,17,3,1
702.6632072110707,8,3,1
529.0592479482079,17,3,2
842.7147981644412,10,1,11
396.54230997992556,12,3,1
781.869488037116,16,1,2
815.9144291461425,8,2,1
395.4279945693463,9,3,2
493.0630225226438,8,0,2
546.8429465073042,17,4,1
554.8011570171143,15,2,2
510.0613045510641,16,3,2
533.2904416426112,12,2,1
598.4902528016298,9,0,2
603.0545705973531,14,0,1
738.8363925102137,17,0,1
133.83692516126303,8,2,2
1133.474334412832,15,4,1
50.866560201232744,16,2,1
324.32576258144314,17,0,1
329.8887082675609,15,3,19
520.9470597276261,9,4,2
681.4989536834512,10,1,2
507.17890995353997,8,2,2
664.0964362394728,16,4,2
601.4548062214595,13,3,1
491.675701341497,14,1,2
611.2113295657712,12,1,2
337.844816021403,9,4,2
672.4526049593758,16,0,2
629.0968362282151,2,2,2
932.650944661092,12,4,2
410.71327708989435,8,3,2
538.8179985796615,13,0,2
388.2156305456823,14,4,1
7342.6970838429215,10,2,2
517.7904545219404,11,1,1
733.1827430742801,13,2,1
586.1680488667497,12,2,2
548.6615328256731,16,4,1
732.6970916062518,9,4,1
314.13356117954527,16,3,2
601.1003621222982,16,0,1
494.215023165026,9,3,1
539.304233940294,16,0,2
641.8007515177025,11,0,2
588.9310371333918,12,4,2
300.9289272151966,8,4,2
565.6990740259632,13,2,1
485.5433043859152,13,0,2
375.87914721209677,16,3,2
587.3427933780677,15,1,2
704.6282409374453,8,4,2
518.3171477387526,14,1,2
697.7765474618036,9,1,1
624.6619613309208,15,2,1
511.9260739840348,9,3,2
370.61264445888526,11,2,1
522.9066732430928,17,1,1
690.0290941997664,16,3,2
630.0563149919406,16,4,1
813.4706003918818,14,3,1
623.7373095695812,1,3,2
725.8648875079001,15,0,1
622.7035945460833,13,0,1
295.4414869603189,12,1,1
776.8884223371293,11,3,2
651.4911498634082,4,0,2
173.40954389160333,10,1,2
385.44631509029483,10,4,2
374.8874596980941,15,3,2
579.1607066874818,17,3,2
564.760025521189,16,3,1
441.702004201302,15,0,2
427.51181171937355,16,3,2
276.06602107477124,12,0,2
218.74307428334356,17,2,2
389.47440101875975,17,4,2
467.3065326595586,15,2,2
270.96451519292384,13,3,2
669.4158019970068,12,0,1
744.5001829773761,15,3,1
448.19157083585935,9,1,1
460.7300301830044,11,1,1
375.22596079797586,12,0,1
392.6522919516981,17,3,1
191.10710127870647,9,3,2
600.6858165203755,11,1,2
421.1156305842959,14,4,2
414.5428748784535,13,1,1
530.0837810287153,9,1,1
572.992200493245,15,0,2
623.605742196724,12,4,1
528.2073311645129,9,1,2
487.1723306814015,16,4,1
565.7524820606961,11,1,1
477.6955884682109,9,1,1
653.5627838952794,10,4,1
695.9185901681732,12,0,2
233.0392323562046,12,2,2
712.7131438772037,10,3,2
949.2257931872023,10,1,2
696.3530973983188,9,3,1
435.0337232982755,16,3,1
704.514086401928,14,1,2
987.9504812678546,12,2,1
262.6605764624133,11,4,1
806.146478507599,9,4,2
302.28177856981654,10,1,2
279.2821365568458,9,0,1
473.1463793284979,17,4,1
468.15522438065796,15,0,2
471.23084581760725,13,0,2
659.2417616905043,17,2,1
509.77201406514087,16,1,1
508.1183382407765,15,1,1
444.935355298914,17,2,1
650.2751974151892,15,2,2
365.3018751512263,11,1,1
555.7988324447604,12,0,1
993.6104364459654,13,4,1
121.56315023526662,14,2,2
390.58094052257974,16,1,2
532.714667117731,12,1,1
841.7092739533773,14,3,2
417.4950694965709,17,1,2
279.84414343266303,16,3,1
357.74027504789245,9,3,1
230.92630955290025,15,1,1
664.8029661196704,17,2,2
834.5144773675406,11,3,2
583.8038018732091,16,1,2
32.88545516667443,14,3,1
400.1405520856006,12,3,2
654.6214413390475,11,1,2
268.96404977191366,8,4,2
441.83878397119247,9,0,1
418.43538278629114,16,0,1
279.32667876522527,11,1,1
69.42188140950344,13,2,1
423.0316236105749,8,1,2
592.7944565846918,10,1,2
427.7228465636324,16,4,1
409.9797732619552,9,2,2
642.4542979011756,9,0,1
524.0451266868427,11,0,2
396.7487968125746,10,0,2
686.3552194817412,12,1,2
183.74848581610382,11,1,1
507.2220350660256,13,4,1
306.6965948130014,10,4,1
583.4380928765129,16,1,2
529.7334914404223,16,2,1
432.58280577639215,16,3,2
609.7059717069548,8,3,2
315.5134627977042,8,4,1
598.1272442845429,13,1,1
294.419446857261,10,2,2
418.7595522756335,12,1,2
267.53856872247644,13,4,2
591.5074692296461,12,1,2
261.2806179358009,12,1,1
301.1787533915615,12,3,2
493.8122005688752,17,3,2
465.4107880153154,16,4,2
842.3416960284687,17,4,2
728.4652909076704,8,1,2
275.83552689592256,15,4,2
648.4190744018614,15,0,1
559.8585160812984,14,4,1
493.9769065799801,15,4,2
551.843603668652,8,4,1
339.5014533576706,11,2,2
759.7622649694104,14,2,2
748.8067896269723,13,1,2
59.36790783482763,8,0,1
435.46403223157284,11,0,1
449.8333967089905,14,1,2
791.1237380162233,9,2,2
859.8543150037999,15,1,1
672.0408484040968,17,0,2
74.09738517799173,11,4,2
561.4813395618202,10,1,2
663.1474425078593,14,0,2
667.5125406716745,12,3,2
337.2709287880651,13,2,1
579.9375903505284,9,2,1
369.7286212416342,13,2,1
120.1647224169065,10,4,2
515.6858798037285,16,4,1
765.3618840083982,12,2,1
549.4053287210226,10,1,2
833.9809008702812,14,2,1
578.9343059645962,16,3,15
665.3988778234635,11,2,2
659.5605346098833,14,2,1
812.7471232099599,17,2,2
249.95070037593612,12,4,2
733.3097181954012,11,0,1
385.4004390018108,10,4,2
451.16003296151433,15,1,2
522.1642190267606,10,0,1
465.9630754950143,17,4,1
409.354390134545,10,4,2
324.471516048085,11,0,1
656.4986989401243,16,3,2
872.3611567339262,13,3,1
284.661966154974,17,4,1
643.5980619832342,13,4,2
835.1094787088971,10,4,1
706.5927894305612,12,3,1
461.0109583142083,12,3,2
519.9811087804819,11,0,2
529.1923219426301,16,3,2
309.18765045073553,15,1,2
309.2790773960604,17,0,1
534.7832167667525,11,1,2
466.14982318873865,12,3,2
647.3687794184866,9,2,2
443.7344885763573,14,4,2
608.4927723000474,12,1,1
750.8713737145425,10,1,1
593.2859964867052,16,4,19
492.8717035405033,16,0,1
401.60532617217604,16,0,1
220.67422884235447,13,1,1
580.8514390026904,16,1,2
323.1969090881587,10,4,1
504.15874153508156,17,2,2
354.3994117541731,8,4,2
659.0876505338575,15,4,1
661.7905798077991,16,1,2
676.6219554294319,8,1,2
484.4325605974396,14,3,1
761.8945792701426,10,2,2
386.3715340331331,15,3,2
311.3233901260129,16,1,2
275.2197066269814,13,3,2
433.0449335786918,15,4,2
419.27030735160065,12,3,2
504.8438913345516,8,4,1
782.4441110830858,9,3,2
262.1977435239931,12,0,1
448.94961157954936,16,3,2
558.6787911283806,16,3,2
485.0070098321905,10,3,2
555.3418087809969,16,4,2
646.4281126970232,10,3,2
408.59233282752064,17,0,1
439.62309896188964,9,0,1
652.7182201239712,13,0,1
751.4119913378186,10,0,2
436.4853602352524,15,3,1
364.90771102884435,16,3,2
673.569388606259,13,4,1
424.3827798033331,12,3,2
636.6837009246848,9,2,1
381.1730846450227,14,2,1
237.2669382055368,12,2,1
384.1489534314307,11,0,1
577.6485295570689,10,2,2
360.7160414154793,11,4,1
908.3491821125704,16,3,1
688.4624420535736,15,4,1
159.95902509038677,12,2,1
605.6606069333836,16,3,1
585.6625924946993,13,0,2
679.8271427374984,14,4,2
516.624493131336,9,4,1
406.5793186418448,11,4,1
536.317369189758,16,3,1
841.8322465956423,15,0,2
137.99351934548417,16,2,2
362.41322663256443,13,4,1
615.9817934943841,14,3,2
739.9317351717136,10,3,2
570.6414789015686,15,0,2
496.0429369570069,13,1,1
455.96107459840846,15,2,2
86.42905471280153,15,0,1
559.5842130519605,8,1,1
557.746478943992,8,1,1
665.8649647856319,8,0,1
383.6324336165958,10,2,1
487.1859399743005,8,3,1
381.94490332804344,15,4,1
260.36319347953287,17,3,2
705.8443582467787,16,2,2
822.4441256510848,9,3,2
679.3678631731063,11,1,1
804.2796995663844,8,3,2
401.81251002572697,16,1,1
661.7971030065952,17,1,1
561.0639559094132,16,3,1
511.6702008570955,15,1,1
351.0431586546946,10,2,1
659.6508142850889,8,0,1
460.8278359824325,13,3,1
868.0434269683982,14,0,1
350.9053015875769,9,2,1
473.1382517058904,2,2,2
662.1616546319565,11,3,1
246.62110569522974,14,3,1
508.85187721406584,4,3,1
587.2850258986158,8,4,2
765.2684395974441,11,3,2
338.07929601567076,12,2,1
584.8122088928179,11,1,1
470.2944895276735,10,1,2
647.2778940369195,12,1,1
219.2486709894834,10,3,2
209.36697074914446,8,4,1
496.3393031957021,9,4,2
579.4489218482905,14,2,1
342.4432496183522,8,4,2
375.8304803497768,12,3,1
692.2843370735086,15,4,1
135.05519061985217,9,2,2
720.1919269997143,17,2,1
891.6694908441189,15,3,1
195.09574267616517,12,1,1
548.1849994578937,13,4,2
553.8253882490214,11,0,2
431.3615449005179,13,0,1
497.3056356669684,13,1,2
578.1045795130002,8,2,1
772.5347724734115,12,2,2
333.6996114087807,11,4,1
733.1612038416771,15,2,1
459.1090040629551,12,4,1
891.4127281083283,10,1,2
451.7171179159588,12,3,2
542.3281955017297,10,2,2
845.1815540704749,8,2,1
377.2406246314247,15,4,2
537.8575788471111,8,3,1
494.69574815018797,11,2,1
323.62506975445643,9,4,1
578.1226355458723,8,1,2
658.5865880971836,13,3,2
178.48802712620517,9,2,2
347.45504428675713,15,2,2
191.84139151382664,16,4,1
473.4966640916207,12,2,1
619.6115392905817,17,1,2
330.122616968819,11,3,2
187.0173261561461,12,3,1
456.561329987807,15,1,2
361.0573737821884,9,2,1
418.1435123773792,16,0,2
8704.520280760356,8,1,2
819.2159471066298,16,0,1
404.75582529106816,11,1,1
674.8778361425454,10,0,2
486.89047864379904,8,3,1
896.3383612800058,14,1,1
693.0794969182341,8,3,1
747.2261443612435,16,0,1
499.298401598292,14,3,2
305.9992064981914,9,2,11
67.05714993791787,9,0,1
767.7243468780903,13,0,2
189.24824679678716,15,3,2
663.5779316050057,13,3,2
319.8758530704263,11,4,2
627.6783851216766,16,0,2
314.8361633704842,17,4,1
520.2713423093103,9,0,2
631.8062697744806,11,4,1
444.89794190631983,17,3,2
710.7224798487321,8,3,2
355.3074382259424,13,4,2
452.46097506207184,13,4,1
538.4469528390462,17,3,1
532.9521682473033,10,0,2
510.17754037120363,8,0,2
179.81920430469688,10,4,1
334.3005950439508,9,3,1
360.9912679700521,17,0,1
491.76610461749,11,1,1
458.85448183440536,17,3,1
369.9966662659093,17,0,2
680.68980721822,8,0,1
512.1217671349866,15,3,1
436.0304953490312,8,1,1
530.351598449748,16,2,2
507.57238300179006,17,4,2
616.9145255899136,13,1,2
387.2599649884198,13,4,2
483.3932793014454,8,0,2
24.866797781476805,13,0,2
619.64987492599,15,2,2
456.49185028321125,9,2,1
202.19992897520564,13,1,11
332.67441414187374,9,1,1
816.6451059385013,17,3,1
797.1736551035368,11,1,2
455.885506503832,16,4,2
678.9155358487513,12,1,2
76.66724782059998,14,2,2
496.05018129307456,17,3,1
402.6840218652385,14,2,2
231.17710592736262,12,2,1
179.34790663681008,17,0,2
748.9376092730193,9,3,1
116.76656406682423,17,1,1
339.20552023860444,8,0,2
649.2176239079369,16,4,2
895.288116903097,10,3,2
187.15167765778972,14,1,2
632.3991134126611,11,1,2
607.7955951402197,15,0,2
426.7536921363477,16,2,2
588.7760460434871,10,4,1
587.3477103467019,11,1,1
580.8589509923395,17,3,1
379.1016782439903,11,4,1
490.23808237892626,12,0,1
465.2936341929967,16,1,2
389.5356652845311,13,4,1
381.24093554873514,10,3,1
306.8485168787481,14,1,2
385.86573027733493,10,0,2
646.8436437416392,13,3,1
550.7722418029169,15,0,2
813.7868991354991,17,1,2
583.6796441777367,17,0,1
780.3197185892859,11,0,1
506.6655851331604,16,2,2
308.7646233700706,15,1,2
416.44404051364404,9,2,1
688.4476302994723,13,3,2
562.3403604262437,14,0,1
410.2463551022738,11,3,12
487.94220172167763,11,2,1
590.9590339284761,16,0,1
144.32980654692386,13,4,2
369.01080783946196,10,2,2
537.4328040972324,11,3,1
545.9852935786861,13,2,1
636.7138646400955,10,1,2
226.80885775989316,10,1,2
513.9493697682097,12,2,1
372.0470945111734,8,0,1
362.95876042811886,8,1,2
469.6889089980041,13,4,1
608.2113526985275,11,2,2
469.3031442088287,15,3,1
494.54201207205983,17,0,2
446.54877711539467,12,3,2
568.2254626879418,8,2,1
242.49619478814026,10,1,2
315.6280373749374,17,1,1
299.2085255837003,13,3,1
419.78822997512276,10,1,2
874.1326752384937,13,2,2
737.9822794482335,13,0,1
702.7351481087727,9,4,2
457.0179289699844,13,3,2
555.3586898650576,8,0,1
434.5763606822376,8,1,2
175.28895239537337,3,0,2
570.0683558456794,11,4,1
559.5712188412042,17,2,2
893.0682923444169,9,3,1
607.9560517983914,8,4,1
305.37692795573594,17,0,1
124.51142295277822,14,1,2
219.91608793384648,17,0,1
541.3549559668833,15,2,2
530.7663832156514,16,0,2
653.2934736223192,13,4,1
415.92097552767456,17,2,1
772.5234053226735,17,3,2
390.088572818284,17,0,1
671.9175773959604,14,4,1
401.3754355200456,9,0,1
788.7264006937628,12,4,1
661.7785840212019,10,2,2
609.2927528295324,11,3,2
175.4144838339805,17,3,2
570.6861732972825,14,4,2
217.9717990039353,8,0,1
343.8919803541349,13,2,1
573.4963330948609,17,0,2
437.29406276552044,10,0,1
594.7264153622909,11,4,1
314.7237740036923,12,1,1
250.8565247107231,8,0,2
510.98682219996977,17,2,2
723.7763240596798,9,0,2
866.7845304387567,14,2,2
522.5101430016457,16,0,2
589.007172823238,10,1,2
500.089098837509,10,4,2
240.56627562302475,8,4,2
570.9235136035888,8,4,1
491.0090826455234,10,1,1
607.4631315088408,16,2,1
766.8700651898598,12,2,2
569.9624685097727,16,0,1
615.4051653336905,16,2,2
452.21743160319426,10,2,2
786.0311273119756,10,2,1
320.590713870949,15,3,1
365.39063097459757,11,3,2
461.2101199114693,13,3,2
367.3391356450966,17,4,1
249.1402274128496,14,3,1
8308.421441999282,17,2,2
459.7016932104964,9,4,2
498.6957369541084,16,3,2
741.310387247355,14,1,2
1050.021439916151,12,2,2
815.6075014106198,13,4,2
279.77194240448557,14,2,1
538.1271182530048,13,1,2
688.2621161534967,13,2,1
425.8983802819942,17,3,1
218.88659616427162,8,1,2
136.3519132005705,8,0,1
85.25076256269256,10,4,1
470.79267885164035,11,1,1
758.0753502516452,11,3,2
298.2890631847584,8,4,1
107.47486166548418,12,2,1
519.0688398882617,13,0,2
447.31035678355016,15,4,1
567.0116058168235,8,4,2
563.2311914365556,11,3,1
620.4932191401801,10,4,1
708.3704287496057,8,2,2
440.81631579662303,12,2,11
719.8754776364902,8,3,2
459.0756497470263,10,4,1
500.962661475357,10,0,2
429.7171528572535,17,4,1
812.6826717664217,10,2,2
803.389357941729,12,2,1
770.2271826522459,11,0,2
381.5288088695893,9,2,1
524.7095391911165,15,2,1
531.4895849921534,16,0,2
402.7286212900374,10,0,2
232.7983266729084,13,1,1
422.1675365828066,9,3,2
810.8320841429548,15,3,2
670.7951953104448,15,1,2
736.8345055320291,9,3,2
559.9549127443129,15,3,2
424.0306142176182,17,0,2
535.5142617280073,14,2,1
742.5641970063732,16,2,1
399.31288816776004,17,0,1
616.4334088960117,12,3,2
531.4324699737635,14,3,1
435.03352526613617,9,1,1
631.2714901258582,9,2,2
746.3968942539271,12,0,2
1.0,15,2,2
410.25668626698024,11,4,1
718.0868682798218,12,1,2
670.2138428041227,12,1,2
800.1142737925337,15,2,2
330.6707502267276,14,1,1
495.0685438537012,12,1,1
625.9829724092588,15,0,1
92.11370033601361,14,4,1
1.0,16,3,2
897.426194134021,14,0,1
574.6962375464321,16,4,1
358.2429839506922,12,2,1
943.7560466896268,11,3,1
468.1909579199897,13,3,1
378.42494786483644,9,4,2
392.1754593702043,15,0,2
393.537546814042,8,2,1
7600.370305555753,12,3,1
1005.9129010925644,11,4,1
624.8838824513105,9,0,2
346.515799985665,8,4,1
324.72305331093935,15,1,1
312.6987250420808,17,2,1
366.4440887062228,8,3,1
774.4233693144743,8,4,2
621.4490907366812,9,4,1
380.1267012319362,15,2,2
277.9992856228147,11,1,2
83.17741210028231,1,0,2
844.9393299522217,8,4,2
676.2143147245226,17,2,1
811.2001143678408,8,0,2
540.4041873980015,15,1,15
542.9880339877865,15,0,1
461.0605407766637,10,1,1
487.16236457830047,14,3,1
265.5479094217,9,4,1
729.3758398503799,13,1,1
698.2517316384177,14,3,2
707.6755309530298,10,2,2
699.3141021158895,15,1,2
406.7009241543604,16,3,1
9523.83170840059,9,2,2
596.9757363064264,11,1,1
613.2171965488428,8,2,2
639.802724002601,17,1,1
727.1240294365888,8,0,2
278.74129751767316,17,4,1
416.76962882771033,8,3,2
582.1698408865366,17,1,2
258.19312060216294,16,1,1
452.3323655372858,14,3,1
552.804016266734,14,2,2
754.4707000213535,16,3,1
662.8338966664704,17,4,1
356.8966361483358,15,2,1
564.4933802003494,9,0,2
455.3865929038517,14,1,1
566.8352834489795,13,3,2
468.9481902350502,14,1,1
504.6659017294354,13,4,1
406.4801319010008,16,1,2
449.33393376901074,10,4,2
529.3282568594925,8,0,2
486.3444754721324,13,2,2
329.7259099374378,15,4,1
341.55821876306163,12,2,2
52.73419433717095,13,1,1
628.0794369823356,17,3,2
529.794389865442,9,1,2
431.490159828447,14,2,1
534.0927541993142,10,0,1
62.940630533018805,15,4,1
728.7673452840781,9,0,1
846.9873151673617,12,3,2
328.64558123464144,11,4,2
530.6203985868651,13,2,1
703.6314495297504,9,3,1
270.07416020983726,17,1,2
303.2134233779884,14,3,2
546.8048908706296,13,1,1
450.29427638511015,11,4,1
186.4584412348458,17,0,1
417.1020548254861,13,2,1
481.10825711159947,16,2,1
583.9219944048236,15,2,2
797.6470633738952,17,2,1
206.33268769318096,14,0,2
241.37169124827045,11,0,2
614.4780622351351,15,0,2
461.1461736042961,14,0,1
348.8416999683274,11,1,2
598.2415330823992,16,1,2
428.3941240506027,8,2,2
361.7251005172128,17,3,2
709.0269096768538,14,1,2
296.0987595231626,14,3,2
686.8855566462614,8,4,1
477.8669262885341,12,1,1
320.6715545369584,12,4,1
600.3437986055399,17,4,2
868.5806096609301,14,3,1
338.7274605727397,13,1,1
230.88331997900679,10,1,1
247.17117299446758,16,2,1
281.31268358071765,11,0,2
424.90122272955654,11,2,1
736.4705688183568,11,4,2
621.0447402036511,16,4,1
723.0866594762269,12,1,1
132.78560249949214,8,4,1
343.1018713515781,8,2,1
611.1177369337875,8,0,1
985.85652859025,8,3,1
617.2665951156273,10,1,1
420.77478040215425,10,3,1
833.4448223102274,9,3,2
804.6477243424516,2,3,1
623.7260240219483,16,1,1
236.74599178518014,13,0,2
573.4340320466868,1,0,2
253.0815108431521,9,3,1
788.6579107263885,15,2,2
58.716230323253455,9,4,1
824.4386203098858,15,4,2
890.2284096595589,12,1,2
465.4396525207071,15,3,1
654.384030967335,11,0,2
573.5239680419422,10,4,1
529.6178839596553,12,3,1
452.3779127375892,13,3,2
509.2005494506548,14,4,1
483.3212757742233,12,4,1
1.0,15,2,2
240.4980720035539,13,4,1
348.4287607988248,12,0,1
69.52329107816394,12,3,1
675.2911291005871,14,0,2
486.89709818825355,13,1,2
565.5722281501552,10,0,1
336.45690485397387,11,4,2
173.47945086253537,10,3,1
537.9127712869263,11,0,1
301.4469648496359,13,2,2
635.902450815882,16,3,2
719.3412860680254,13,2,1
747.802598403193,10,1,1
1036.8691484846622,16,3,2
539.2262918047815,14,2,2
319.18634205279994,13,1,1
814.6120732128329,8,1,2
178.24626735909533,15,2,2
779.9189290291587,11,0,2
5284.406988888233,10,4,1
653.2392018348214,16,3,2
702.0827652501312,8,1,1
786.8265446467168,9,3,1
549.9169123578339,17,0,2
499.7706421849073,10,3,1
355.5864014008745,1,0,1
898.566525054006,13,0,2
344.1408800957136,8,1,1
988.9165505165013,9,2,2
391.54353244746716,12,3,2
800.1299579466083,11,0,1
681.667232216219,16,4,1
328.8865527153441,11,2,1
294.4126477853322,16,1,2
485.2054272811244,11,4,1
484.86687913483394,17,0,2
705.5764188041503,11,1,2
369.4981719158552,14,4,1
808.3345623592734,15,2,1
184.11700210138792,12,0,2
365.01319624188955,9,3,1
419.38480218699385,13,1,1
823.6762657695671,17,0,2
447.7907616239695,17,2,2
505.22549458715775,15,1,2
153.01447357298758,17,0,1
604.4501272035557,14,3,2
480.4169507114192,14,0,14
780.0799589590565,17,2,1
610.8449407892078,14,4,1
396.5633832387863,10,3,1
390.3667288061507,10,2,2
476.72186742784476,10,4,1
221.52209444326257,14,4,1
609.392219092658,16,1,1
513.7691462567706,8,4,2
409.09045625131114,16,0,2
456.2693445129928,16,3,1
721.1263383048142,16,1,2
684.3406970200706,9,2,2
468.21285293424376,16,3,2
416.30579389656083,16,1,2
806.0390397726703,14,4,1
632.9854324603482,11,1,1
313.064257903349,9,0,1
542.2915507734472,10,4,2
400.7895374920511,16,0,1
619.1288115139439,13,2,2
687.6631431929009,8,2,2
315.7509777114187,8,4,2
389.876294679574,13,4,2
915.5354265838887,13,3,2
601.7131754716638,17,4,1
826.1163940660126,13,2,2
647.1048508250194,9,0,1
831.6970083936161,14,2,1
463.30255140029857,11,2,2
166.03996938073055,12,4,1
637.4131591717833,8,3,1
793.3081718557205,8,3,1
337.8870580749269,16,4,2
152.78084828030018,9,2,1
322.12960138415843,15,4,1
775.6568187245348,11,0,1
545.5859340019906,9,4,1
304.2381578401878,16,2,1
385.5611859413113,15,1,2
341.9974395837848,13,4,2
422.2567018125545,17,1,2
579.8797498557033,9,3,2
767.3840875129426,16,1,2
736.5131454121743,10,0,2
712.8965507217137,9,4,18
612.4736583233356,15,2,2
137.35334279939093,15,0,2
288.27788189416015,13,3,1
191.9325013757209,12,0,1
221.24132670599533,14,0,1
606.2193204569215,17,2,2
824.4996681802027,13,3,2
664.2908858506811,15,0,2
509.12328586430874,14,2,1
747.5448971058272,10,0,1
775.7803399692939,13,2,2
428.10224195927606,8,4,1
1000.7592454537548,17,1,2
566.2970524043518,16,0,2
528.3531717922159,17,2,2
574.6697119422796,10,1,2
562.4756420933144,15,2,2
689.4724798919929,14,0,1
359.13496195829373,15,3,1
459.25457439168036,13,3,1
861.3032421324019,17,4,1
518.2201733212245,8,2,2
861.3069342918667,10,3,1
594.6101856466425,8,3,2
687.4654583641754,9,1,2
713.0343931428773,15,2,2
790.523349097236,16,1,2
482.2841938360664,9,3,2
526.1786975887592,9,1,2
365.78491461869123,13,1,1
474.1509484094964,16,4,2
375.5930388891237,9,1,2
616.5475166347728,8,1,1
96.30242712227243,13,0,1
529.0127491918763,12,3,2
218.17861444880458,16,2,2
418.272817492666,13,1,1
618.9557191649172,14,0,1
573.6323390106916,15,3,2
525.508478874102,8,3,2
455.36576570531594,11,3,2
652.5339100877104,15,0,1
337.0420780059104,13,4,1
520.6876258616213,9,2,2
908.4152080287488,17,3,1
629.4534972880977,13,1,1
128.25452578126578,8,3,2
304.92679454435,17,2,2
760.7015863869518,11,2,2
232.16765289270364,13,0,1
531.948673410149,13,2,2
552.7856307009773,8,1,1
838.3204330754827,13,0,1
563.271664307229,10,0,10
322.95026277515547,11,4,1
481.53172740162955,12,4,2
241.84222676988145,13,1,2
501.8452868288655,8,0,1
751.7766746579059,12,3,1
927.3041490580204,9,1,2
247.25834120419964,12,3,2
849.5374928565968,12,1,2
310.0084091506436,13,4,1
473.16887158154714,11,4,1
582.4218322040573,16,4,1
506.39331185402557,13,4,2
758.4666428336332,10,4,2
832.5997873988206,17,1,1
542.1093526882296,8,4,2
537.5863304542298,17,1,2
634.4602395173298,8,0,2
656.8332888435118,15,0,2
884.2335241138082,8,2,2
566.6024094232516,16,3,2
31.005923383626737,17,0,1
220.84215956150297,13,0,1
618.26984835168,15,0,1
436.2745192214805,15,0,2
716.4475823052735,12,1,2
306.3463629262699,9,4,2
660.0450676002697,8,1,2
450.7515756102565,16,0,1
619.140450035103,9,2,2
375.4693603077257,12,2,2
522.073771343383,16,1,2
721.6913312885647,10,1,1
583.619721087447,8,3,1
724.4180460644541,8,1,1
312.77014214581834,11,4,2
6937.332319108783,13,0,1
624.304369723178,15,4,1
272.906660837966,16,2,2
597.5810890148373,3,0,2
482.5129342445638,8,3,2
609.6639255108997,15,1,2
650.5364630572114,9,3,2
262.50691965231226,10,3,2
512.0171989230328,9,3,1
577.6624010846899,11,1,2
186.8751087221096,15,2,2
705.1835971438556,12,2,1
434.21118292853953,10,1,1
571.860516017151,12,0,1
531.0599682964879,15,4,1
133.12173874388338,15,1,2
282.67496460925855,17,3,2
320.776994312683,9,0,2
426.58591880366555,10,0,2
359.03556580040345,17,4,2
569.5123227607104,12,2,2
517.3395398828793,17,1,2
723.2492781036251,16,1,2
801.6095182838307,12,3,2
667.2442157750005,17,3,1
352.1962206002064,13,1,1
450.8669448081193,16,0,2
672.3269325944293,13,4,2
527.6596233599822,13,2,2
399.15580721556813,12,4,1
1.0,15,3,1
374.0230895272379,17,2,2
303.00137483659694,9,0,2
539.7360019094814,14,4,1
735.5089449539172,9,0,1
457.4842744022864,10,2,2
243.3709983107488,15,4,2
763.4565615555169,17,3,1
819.7076224192683,11,1,1
660.4256917236239,10,1,1
309.9728494232986,9,0,2
460.2629774102075,13,4,1
538.5120469065251,17,3,14
728.9519222904595,2,3,2
296.06093605822866,15,3,1
541.2723542650901,12,4,1
304.92395296613245,9,1,2
687.2071308967816,15,3,2
291.1717955284298,13,0,2
575.9204203572509,17,4,1
175.77610458876404,8,2,1
434.85484465258236,14,2,2
382.64339409810293,17,4,2
698.8672159755857,16,3,1
727.9111072050939,12,1,2
422.52760708943777,14,1,1
611.7301830027621,11,4,1
465.1698780501559,16,4,2
327.39301858340195,13,2,2
175.4133994637524,11,1,2
487.472084534553,11,4,1
548.6246917025786,12,1,1
364.7517583515152,16,3,1
281.12704048997136,9,3,2
348.30740754002613,8,1,1
305.9446432128325,15,2,2
561.5353306802227,13,3,1
280.8961222308875,11,1,1
443.6395238626552,15,2,1
519.6996696049362,15,0,2
857.1742248608234,11,3,2
559.4111542983819,13,0,2
625.0297727020784,17,4,2
575.843131366694,12,4,1
588.5440550385287,9,3,2
699.2701975181569,10,4,2
403.1652097502526,1,1,1
306.7507360493492,14,4,2
305.56952035946773,12,4,18
696.4638965510887,11,4,2
468.0167954329119,8,3,2
687.3008233460976,13,0,1
635.7687741052398,15,3,2
496.16088991983383,16,3,1
170.6272283414308,10,0,1
620.9184689405009,17,4,1
458.954323488838,13,4,1
265.36868819344534,9,4,2
468.06296250234004,8,0,1
586.0131374350636,10,2,2
435.9074900480712,9,3,1
504.95270761916055,14,1,1
589.4911084265941,15,4,2
438.41953154588003,12,3,2
548.8421805093503,12,1,2
195.77400966108416,9,0,2
420.73672668631673,16,3,2
273.81994150114735,10,2,1
319.9141549071021,8,1,1
618.4203922086286,14,3,2
514.3761871437749,9,2,1
594.287973298968,9,3,2
332.7875695799951,9,3,2
784.8991642493895,16,2,1
349.92779429163784,11,3,2
250.7471972131139,9,2,2
687.9158824710357,13,3,1
319.9891534671501,8,0,1
298.68191671804584,13,3,2
382.72786280574127,9,1,1
731.8762086601043,14,1,2
694.6203122030144,17,2,2
691.8265860650957,12,1,2
614.0684253612721,13,1,1
386.6978009537056,14,4,2
275.96331226255893,17,0,2
829.9567372481604,10,4,2
356.30389604802167,15,2,1
272.56424483948797,16,4,2
321.4340805363841,13,0,2
530.8987331190502,16,4,2
432.6894820243653,17,2,1
728.0626830005217,17,0,1
999.7734772331573,10,2,2
688.236373283994,15,1,2
538.3795471746072,10,2,1
311.9202167031293,11,0,2
387.84781860402796,16,3,1
253.24543168888889,14,2,2
467.0518139791796,9,3,1
499.88874084903296,8,3,1
386.3814220846518,12,1,2
499.5040337753679,17,1,1
723.2376128867697,9,0,2
25.668127828221543,12,3,1
908.413930585576,11,4,1
242.3099628821401,14,1,1
611.7811922328323,13,4,1
490.5779768737934,10,0,2
596.0100536010003,17,2,1
319.86572349750395,11,2,1
307.15998571535107,8,4,1
597.461047408999,8,2,1
714.3859730423594,14,0,1
227.2915657625154,9,1,2
583.8672939547928,17,4,1
655.3292056788295,17,1,2
488.77314340808306,12,0,1
429.8301139847051,17,4,1
56.33044798978375,13,3,2
570.0740432772676,8,4,1
331.1351925633858,15,2,1
501.5187870756248,13,0,1
845.7759774793373,8,4,1
610.3771943644308,11,1,2
636.0460416835258,16,4,2
721.671016702528,13,3,2
660.9541043787532,12,0,2
302.4134784188159,12,0,1
512.8745141744462,15,4,2
641.2516073820605,15,4,1
399.9897098050895,17,3,1
576.6164314089638,12,2,1
339.0481306762522,17,3,1
564.6370964916412,13,4,2
756.7633719707123,9,1,2
629.4020728764995,11,0,1
499.20377010126,8,4,2
626.1948979662195,14,2,2
373.3006621590954,17,4,17
676.2293441626738,8,2,2
500.26513774688146,16,1,1
676.3169968777127,12,2,1
497.17585561331344,9,1,1
166.93818426447257,8,1,1
441.6957378165008,9,0,1
490.1590167653263,11,3,1
597.8167756301485,15,2,2
666.8985441409202,17,2,1
132.29337550205236,10,2,1
769.3286862868963,13,1,1
247.75762962953814,14,4,2
584.5757693506662,10,0,1
1.0,1,1,2
648.4917827185241,10,0,1
372.48249158480724,9,3,2
322.90182268243035,17,2,1
532.3776372480513,17,0,1
474.5074063565231,16,4,1
452.45298459232305,16,1,1
422.0566219613192,8,3,1
130.27286167389587,10,2,2
451.14381204469316,17,0,1
586.859215199072,11,0,2
519.5596626805421,12,4,1
469.86328827553405,17,0,2
630.9073699654289,17,0,1
366.7381756101828,17,1,2
872.1974080367222,14,3,1
525.9367819130553,16,1,1
752.5484966295279,9,1,1
675.3579109107906,17,1,2
500.04430327939997,13,2,1
830.2899660550487,16,4,2
685.2963750210433,8,3,2
545.7326056273438,9,1,2
430.9670589100407,9,2,1
597.8509070152655,15,1,1
622.8258558900886,10,4,1
326.1612042896795,15,2,1
305.40120066295793,10,1,2
897.3342529146619,16,0,1
268.9821819121353,15,4,2
416.0193994264819,12,0,2
369.34080442812103,9,1,1
512.051535466495,14,0,2
420.2157941566706,1,1,2
359.0124171536793,15,3,2
359.07825316243975,13,1,1
340.66833712918105,13,2,1
235.96195283350153,14,2,1
465.7522087089903,9,0,1
435.2981560832727,13,0,1
483.8240854217747,14,0,2
593.6486596143069,9,3,1
495.964669659746,12,4,2
794.2069381634208,14,1,2
360.10095596647136,13,3,1
483.45699522070134,9,1,2
548.6183455321398,15,1,1
602.0314937830367,8,4,1
754.514032585714,9,0,2
420.3127681302442,17,2,2
748.6624449690339,11,3,1
284.14081266406913,10,3,1
757.5940999166389,15,4,1
554.771456079825,9,0,1
242.4735607108933,12,2,2
159.50363965868252,15,0,1
503.697214131286,14,4,1
671.2191708460014,11,1,1
615.0121535100882,17,0,1
726.3620322430847,10,3,2
522.9704799125419,10,2,2
185.8375933721686,16,2,2
614.1389632071089,12,0,2
703.9898966932735,11,3,1
609.6089948011942,14,0,2
474.4643855388813,16,1,1
516.0501979423548,9,3,1
656.2347713221382,15,1,1
306.7231861463599,11,1,1
263.3887630531222,9,4,1
449.4473489807629,8,0,1
57.16525336526905,17,4,2
418.61660319994394,12,4,2
555.816771669037,9,0,1
558.3127353363946,13,0,1
486.62181168105474,11,0,2
790.9312957658444,15,4,1
469.97660974923866,8,2,2
247.19876641052724,10,0,1
220.91029904898562,16,2,2
358.41781186518494,2,3,1
700.2632490419912,12,4,2
307.7004003257198,17,0,2
591.7782792723798,15,2,1
409.5038880027197,8,3,2
544.0944641545365,16,2,2
300.7455807459602,9,4,2
391.64251972330743,13,1,2
489.1098075158249,12,3,1
522.3793408977198,14,3,2
520.6558306013886,12,4,1
379.1363437450324,11,3,2
302.36281535283854,13,2,2
576.5602396602701,15,4,1
495.43624785393035,14,1,2
606.205218978842,10,4,1
529.7753607835382,14,0,1
663.2992047786717,9,4,1
497.48398729957756,15,0,1
529.3870596773376,8,2,1
395.57368599600153,13,2,2
378.39877141253527,14,4,1
297.1040546585172,8,2,2
589.0208509665413,15,1,2
340.21586881624705,13,0,2
345.64560852142495,9,2,2
821.9041331551946,11,4,2
297.3940976754324,15,1,2
162.55525001285974,15,3,1
440.1990075835081,15,1,1
398.1664460150075,14,3,1
553.5687275732666,9,3,2
335.2930058748301,16,3,1
415.7044505388454,11,2,2
273.79152514082296,15,2,1
832.7465664286947,10,1,1
561.0486253062705,17,0,2
691.187495152873,15,1,1
527.7305250945705,10,3,1
887.5108603924675,12,0,2
1.0,9,3,2
644.3161790235306,9,0,1
442.54550157690755,8,1,2
615.5160360663843,8,3,1
760.5970997433842,10,2,1
565.3710801220875,12,0,2
222.14025395780197,17,1,1
604.6079265927116,12,3,2
474.39462640335245,14,1,16
805.7495701081816,3,4,1
483.79080705565127,8,0,1
316.85226592389563,8,3,1
727.9275624028063,12,1,1
728.7351478809652,8,3,1
703.6906918527948,15,1,1
324.50905199937995,16,0,1
19.090094829922066,13,3,1
793.1152768729421,15,2,1
404.4343245251862,13,2,1
465.3632321207652,15,0,2
434.6674483099626,14,3,1
657.4645011293046,17,0,1
525.9079278412094,14,3,1
462.81510381024583,9,3,2
180.12104756113774,15,0,2
257.116465244487,16,4,1
591.2477594734628,12,1,1
606.6691118279161,10,2,1
316.95871753931544,13,2,2
599.8191632275499,15,0,2
161.54583367133426,8,1,2
85.10272979673772,14,3,2
495.5930271991459,9,3,2
434.85390894991053,13,4,1
648.1090731748873,17,3,2
245.92410575831912,17,3,2
412.2132055311994,9,1,2
264.21530174033495,9,0,2
456.066109529808,11,2,2
808.7395521984828,11,4,1
517.0777220269916,13,2,2
691.2590004182692,13,0,1
964.9346611705636,9,1,1
499.8146747539694,15,0,1
395.71559118307283,13,3,2
640.9308173998684,17,2,2
570.2849549883971,8,3,1
596.6649654505605,16,1,2
712.2388552553166,15,3,1
212.21706113276906,10,1,2
766.5637588712536,14,0,1
353.0392585579283,8,0,2
168.66149608808195,11,0,1
9038.129347814876,8,1,2
622.074739945057,11,3,1
623.114184299089,15,0,2
456.0312592441635,9,0,1
399.3791551157176,14,4,1
952.6465678171071,10,4,1
659.6119746704684,14,1,1
264.6656341859873,13,0,1
492.1527052602512,16,0,1
149.04225157552258,13,1,2
554.6021434988771,11,0,2
85.07199249072636,16,2,1
346.7758338778658,16,1,1
274.38748903846124,11,3,2
87.9113925181822,16,1,1
718.1933349038839,8,3,1
592.0108682892889,11,4,2
545.3010704230577,10,0,1
426.2121121937075,9,0,1
542.7617587882127,12,1,1
130.6853904391166,10,0,2
414.26909461669334,8,0,1
731.9679932776688,16,1,2
398.8067602024289,13,3,2
380.89584193280416,8,1,2
528.3556741382868,16,4,1
385.1235099074121,13,2,2
566.9676390049243,11,1,2
750.7733777647495,14,2,2
340.9124104726069,8,4,2
484.7109745543003,14,4,1
348.9232845312511,9,2,1
439.93463083915185,11,3,2
602.0552622338241,16,1,2
419.8169612911746,15,1,2
663.1530329979986,17,1,1
174.59901582665026,9,4,2
904.5180461138963,12,3,1
759.2166898158871,8,3,1
406.61154484923594,14,4,2
572.1972165074163,13,0,1
177.76610736515613,10,2,1
621.9658155326986,11,1,1
84.07334355059214,17,1,2
749.3091186462135,17,1,1
180.25942763421313,14,3,1
764.5488933770271,16,3,1
466.1754628714367,15,4,2
210.00488031965875,17,2,1
436.8677501997034,10,4,2
881.4595672853106,17,4,1
212.78169749298866,4,3,2
544.6561826510741,16,4,2
260.32157500959096,15,1,2
535.0349898618006,16,4,2
306.9447320800885,12,0,2
509.6382325890434,14,3,1
297.0062335364581,13,1,1
529.1555018334764,13,4,1
370.29443735232064,17,3,2
319.39588347108327,12,3,2
299.92148610290394,13,3,2
659.9612585640313,14,1,1
160.11621098046345,8,3,2
581.5913819501296,9,4,2
571.0051235869857,8,4,1
324.77405456856104,14,4,1
328.43996148718225,9,4,2
461.95183111735685,8,0,2
200.5106662788503,9,4,2
280.755935026287,11,3,2
486.42572366010364,10,0,2
589.240367257896,13,1,2
503.8163255559536,17,3,1
668.4594654027806,12,1,1
504.63919571147494,12,2,2
818.5902396417781,9,1,2
632.772817986335,10,1,1
360.11709197534253,17,0,1
532.3397053409506,8,4,1
244.16771692913392,16,2,1
378.82631076734145,16,3,1
271.52550181981155,16,3,1
281.6194608573011,12,1,2
5375.614550772546,13,1,2
481.87768795374785,11,2,2
304.0476104512052,9,2,1
420.7579315437793,9,3,1
299.48328205119014,15,1,2
491.4303888809222,16,4,1
762.7771242027959,13,0,2
628.8384422077683,10,0,2
541.6956399597226,11,3,1
619.9300933826453,13,3,2
563.9930382290327,11,2,1
218.61131989736612,11,3,1
217.91455923515406,14,3,2
717.1642638457491,10,0,1
107.37795811235287,13,4,2
732.1319777601944,11,0,1
590.7245919994184,9,0,2
348.1494304342824,11,2,1
623.9377843224224,12,0,1
73.83240052882485,8,2,2
526.8332831991687,14,0,1
585.668410132145,14,3,2
474.29074134960865,13,3,1
369.66497556871684,16,3,2
520.7919357927087,8,0,2
912.1162305150917,16,4,1
398.8547994139324,11,4,1
735.3393986335382,10,3,2
863.69679750716,14,0,1
421.5644633597982,8,4,1
183.37503611861877,12,3,2
267.88456942875644,10,0,2
809.8340631558807,12,0,1
658.0252425237647,10,3,1
592.2849665917038,11,0,2
760.1883026063398,16,1,2
232.84866749866364,9,3,2
927.1252202346461,11,0,2
423.5148083734009,9,0,1
500.9160278690968,8,0,1
515.1152745340075,10,2,1
709.7728283750724,9,0,2
506.29831245239916,15,2,2
638.0147352673225,17,2,1
895.1471736145285,12,1,1
283.2529260119668,8,0,2
733.5019645972892,3,3,1
355.2070539064425,13,1,1
825.8609765808628,8,0,1
477.07069729777044,12,4,2
470.58032956111595,16,1,2
105.24699047684663,14,3,2
562.9157967573449,12,3,1
368.1240336720135,11,0,1
671.3992489832526,15,3,2
530.243668799028,17,1,2
492.361846092955,9,2,2
345.7181597245615,17,1,1
797.6789355382857,17,2,1
722.3244303017418,11,1,2
668.5315420522145,12,0,2
554.3237838953241,8,3,1
565.279311097382,10,2,2
748.103215922992,11,0,1
1.0,12,2,2
495.91757134677425,17,4,1
718.8234918168674,17,2,2
390.6847375507084,15,1,2
419.1801302258832,11,1,1
340.6021336506226,9,0,1
735.9826820851398,16,1,2
914.0052764956552,14,2,1
461.8708128102661,13,1,1
195.53481692137893,17,1,2
387.1607640279027,11,1,1
201.1924413420499,16,4,2
445.7129328875224,12,0,1
538.5615676793979,16,4,1
529.2420817430836,4,1,1
725.9605703279127,17,0,1
970.354367794411,14,1,1
389.5912769673867,15,3,2
1052.5050481579171,8,3,1
189.27751408491906,9,2,2
368.00472300211095,8,4,2
716.4325555020803,13,4,1
102.404866638479,17,4,2
119.33590459393594,9,1,2
338.26769920885863,8,0,1
877.9268851115082,16,1,1
250.85150995326595,16,0,2
604.5020140421022,15,0,2
251.04662516616347,17,2,1
494.7032743422343,9,1,1
168.72389457179486,8,0,2
397.53653790818106,9,2,1
505.88611833551045,14,3,2
603.3288891871935,13,1,1
427.4203541151712,16,3,1
599.7760388359384,10,2,2
343.0340193134734,16,2,1
620.2515924087271,12,1,2
669.8285211864383,11,3,2
245.09617853852612,8,4,1
174.89119328758778,10,2,1
1.0,10,3,2
602.0248722500149,17,0,1
370.1270360772238,14,1,1
882.5453700613044,12,1,1
65.24621911720158,12,4,1
720.6435144107317,17,4,1
788.3884803905202,15,2,2
337.0487994352904,13,1,1
535.2300903775384,9,1,1
760.468944679131,12,2,2
322.2079347924752,17,2,1
294.88186947257736,13,4,1
573.9481605280727,11,2,2
110.57692465307616,8,4,1
321.1717122389646,9,2,2
459.1077963387769,15,4,2
467.2904505804747,12,3,1
844.4828587978899,17,1,2
539.9275921417092,8,2,2
468.26976330619755,16,0,2
543.5159072685924,17,1,2
614.605867210281,16,3,1
591.0796341956429,12,1,1
493.6457654406489,14,3,1
907.5715100473394,13,2,2
642.6344730497224,8,4,2
454.25299474824965,14,2,2
303.2648424746842,16,0,1
249.53588802663572,15,1,1
102.03689624017056,9,0,2
365.02430071397646,8,1,1
321.2115234642956,9,4,1
604.8534193545271,8,3,1
750.4567323913279,8,0,1
532.259908532539,17,1,1
699.1318022857405,8,3,2
176.99362557442413,14,1,1
620.828185412357,8,1,1
102.01540666085447,10,1,1
636.7795528685414,9,0,1
677.1804646222416,12,2,1
747.9873614577182,12,3,2
500.1441813871952,16,0,1
412.9896535236186,16,1,1
788.0643545602982,16,3,2
533.9534364808637,15,3,2
315.60147230768814,12,4,1
1148.0278297273614,17,2,1
679.041047003725,8,4,2
394.79835251412993,13,1,1
655.2032043033972,15,0,2
218.56460300928143,11,0,2
410.43735952267855,13,0,1
898.2740836833809,15,1,1
578.5827021096433,8,3,2
404.97042655210413,17,0,2
734.7021716718709,15,2,2
612.100047733243,16,0,1
449.29597085178455,12,0,2
435.76819225885953,8,4,2
182.87485864608146,15,4,2
527.5791551749813,9,3,1
891.3219925171433,9,4,1
506.87435220605204,10,4,2
384.49129368013354,14,1,1
689.0146535738182,16,1,1
527.3499219875264,13,0,1
896.0206108745879,15,1,1
464.81027520506734,15,2,1
690.8170204313255,16,2,2
743.6960429743373,15,4,1
230.99710321386624,12,1,2
327.7900655668849,15,2,2
807.6660878105105,12,4,1
596.1037356216449,10,2,1
828.2063668200054,14,1,1
576.0518852151846,13,0,1
431.73803075803033,11,2,1
606.908722691238,10,4,2
680.8364493949413,12,4,2
298.5478818559713,15,3,1
809.7278590048073,10,0,1
564.0433155897658,14,3,2
552.8509527214678,9,3,1
491.93321795719123,13,4,2
467.45925968618167,14,2,1
325.76139399847386,13,3,15
641.9546852890246,10,3,2
1051.3278954011678,12,1,1
967.56554907766,16,3,13
327.8486396596361,16,3,1
509.9320667633163,17,4,2
7885.858133119981,9,1,2
504.23471737557537,13,2,1
573.420370500786,14,4,2
265.69911836607645,14,1,1
251.88128303185314,10,4,1
217.47629901346136,15,2,2
676.786940024154,12,0,1
427.39002726228404,10,2,2
213.41018327658247,13,0,2
667.1085514091914,12,0,2
371.8104800889339,12,4,1
412.0839448875519,10,1,1
628.2558038821151,10,3,2
518.4753583279848,9,0,1
187.07557453283914,9,0,2
427.27734081967645,10,2,1
842.22145833541,11,0,2
231.3749464710918,13,4,1
420.87992535085857,10,4,2
692.8311768343957,10,1,1
438.9110595116636,9,4,2
244.43033658737346,15,2,1
649.0556660152691,17,4,2
204.91771978119544,17,1,2
704.5025587392032,16,1,2
339.3071781521938,8,1,1
733.8309656031427,9,3,2
931.9478521321998,10,4,2
127.7031098889023,9,4,2
390.00513997336185,10,3,1
659.3081375312408,14,4,2
604.1512240717423,17,0,1
434.4387080246954,14,4,1
408.70054030632764,15,2,1
756.8874105554768,14,0,1
348.8098586616159,11,0,1
572.0883352585546,13,3,1
631.7908269562073,12,0,2
410.73358424656305,12,4,2
386.0602074148537,13,1,2
428.43441331174665,8,0,1
625.4582402570927,9,3,1
722.3397071288214,15,2,2
693.4356244877899,17,3,1
598.7954764411289,14,3,2
484.4454599471168,17,4,1
408.7790300500468,12,2,1
452.14795906610885,16,4,1
634.1487650865776,13,4,1
128.4758741319369,17,4,1
396.92916069432704,13,4,1
349.2216942890617,9,1,1
318.8069717364601,10,2,2
706.7659300665456,9,1,1
680.3051012206716,17,0,1
337.8942740356747,15,2,2
671.3951073965573,11,0,1
6.295063974998641,15,1,2
610.9501508870488,17,3,1
342.9788522387404,17,4,1
259.8231425214369,9,4,2
778.4077503174183,9,2,2
522.2258750593024,16,4,2
661.8134517689759,14,0,1
380.1805163581944,9,1,1
654.7803591598206,10,0,2
623.5673565403835,13,0,1
506.35189131629016,8,2,2
515.1347081226772,12,0,2
229.24906505804825,1,4,2
646.8953490002435,8,3,2
579.2064359085857,9,4,1
363.9300350994527,13,1,2
652.1564343705691,16,2,1
511.60570629104336,9,3,1
579.1470924930096,13,1,2
528.231082938239,13,4,2
284.0531892137209,15,4,1
536.0434341014637,8,3,1
381.4492942561795,11,3,1
773.865780440042,16,1,2
499.55746610588756,13,2,2
813.6010062086639,13,3,1
684.7338564593954,13,0,2
394.15948566824653,12,4,1
492.1750732893294,17,0,1
477.2221614465955,9,0,2
483.54926006570935,13,4,1
561.2901725926681,16,4,2
455.0342673327209,10,1,2
699.7340233521744,12,1,2
453.38061579257015,16,2,1
609.625265745458,11,2,2
499.1782491580157,9,3,2
876.097845647112,12,2,2
548.5984056870802,14,2,2
524.6440481984214,8,3,2
120.06594382822374,16,0,2
5344.950043552297,12,0,1
8475.982298516055,17,3,2
380.9153594247915,9,1,1
595.4498405353893,15,2,2
798.5494088882072,10,0,2
781.8356787205176,8,0,1
402.5143574980129,14,1,2
85.76402348390673,11,1,2
698.6669003215536,12,1,1
443.14197788933234,10,0,2
7633.796438461077,13,2,2
355.0024321686401,12,2,2
434.48461739017694,11,1,1
151.0870096203928,12,2,1
315.66937604434753,10,2,2
626.205134680697,17,3,2
676.9194213451175,17,0,2
284.2104041817622,17,3,2
371.6799002663937,10,1,1
770.1522186798373,11,1,2
482.9916711482324,17,4,1
562.2365482200487,9,4,2
294.7011447620827,10,1,1
432.13776257236816,12,1,2
491.73255903816596,15,4,1
574.3472056024094,15,1,2
715.6861488397421,14,1,1
400.6686244081059,8,3,2
431.255264381584,10,2,1
464.0086596393439,16,2,2
630.4653071656463,11,0,2
858.8333974605977,12,2,1
573.806345952826,12,3,2
637.0580169421936,12,4,2
780.4018651838244,11,2,1
616.4753891905503,14,1,1
603.2529832559997,13,3,2
708.5083184185019,11,0,2
592.6324195757643,13,2,1
934.6331328286042,16,0,2
38.49369633350335,13,4,1
549.6576503101709,8,2,1
516.0057915204222,16,1,1
292.6537404940717,15,2,1
307.94034469692946,9,4,1
877.8645243961093,16,3,1
637.979482651589,13,2,1
636.3486817630284,13,2,1
692.5005771600204,12,4,2
717.9073166153281,14,4,2
973.0815543999947,12,4,2
317.2413296832957,10,3,1
74.1345897661555,17,3,1
802.9429224988805,10,4,2
582.1349170839602,17,2,2
347.9272717567739,13,2,1
421.277683593398,15,3,2
744.5897109581692,11,2,1
321.4930803222044,16,1,1
285.3843743139615,9,0,1
341.7477697386396,16,0,2
477.73623024043985,14,4,1
559.8171468042211,13,2,1
672.8496769397273,10,0,2
1.0,11,4,2
400.0772813554535,8,1,1
549.3618636361705,13,4,1
149.71240055923363,12,4,1
346.35627838374023,11,3,1
643.0348780256116,8,3,2
489.7762613969245,12,0,12
277.6443401731116,17,4,1
306.72418124158617,8,4,2
325.67956036853997,9,2,2
382.4468190057681,14,4,2
738.2181366292383,10,3,2
470.62929574893985,4,1,2
816.4961258649122,16,4,1
218.7842613525154,16,4,1
388.661144966015,12,3,2
332.26599282307814,15,3,1
555.5973628954478,11,3,1
710.6652478819168,8,4,1
406.0034853339983,11,2,1
538.9859147621956,12,3,1
706.1309458659662,14,4,2
629.760108419337,12,2,1
186.40234688794652,11,1,2
201.50754599880145,12,2,1
398.76218778293276,17,1,1
464.097085025504,11,0,1
569.2234657595445,12,2,1
598.4028561133797,13,3,2
559.4454443170173,12,0,1
833.4513683499067,8,2,1
643.7305256511493,17,3,1
585.2092974489992,16,0,2
664.8205793711411,8,1,2
467.1701174556452,15,3,2
740.3863339079087,11,3,2
501.75768852641437,16,3,2
723.6366034301416,13,4,1
739.7285217990927,10,2,2
949.8875168392581,17,2,2
318.4772933533837,12,3,1
110.8971007107242,14,0,2
492.77733480474456,12,2,2
588.3325128372121,9,0,1
213.25399503795433,11,1,2
592.3638764093688,10,2,1
497.10145386845005,15,1,1
389.25820138483004,10,3,2
355.8532025649139,11,1,1
327.22680672085994,8,3,1
415.38787979484414,11,4,1
448.5946641493558,9,3,1
686.2552000005844,13,4,1
874.2148964616229,9,2,2
329.82318219222026,8,1,1
467.09097888422775,8,3,1
661.3867100060128,13,0,1
838.6651271480764,13,2,2
506.1350352141418,9,1,2
886.6719495428714,12,0,2
551.3501597323575,12,1,1
801.6127292304144,15,1,2
724.578424660785,15,1,2
1.0,15,4,1
293.35874745138085,10,1,1
261.5947316033629,10,4,1
503.2241794921309,10,1,2
358.48954294117874,13,1,1
392.2419390846578,15,0,2
689.3615133023741,17,2,2
511.00058720667494,12,4,1
394.3571970300435,14,2,2
357.9335019570217,14,4,2
646.6696465378077,17,3,2
355.2183621691453,10,4,2
551.4746212834699,12,0,2
373.83071941056227,2,3,2
486.5445070172931,10,3,2
285.0677921134274,14,1,2
442.6015628418002,12,0,2
730.0974100066703,14,2,2
759.9974744524268,12,3,1
692.0610336173336,10,4,2
426.443094685789,13,0,1
640.5066627867711,15,2,2
1033.3810444640017,12,0,1
5630.847950743684,9,3,2
